<?xml version="1.0" encoding="UTF-8" standalone="yes"?>
<addon id="plugin.program.BobaFettwizard" name="Boba Fett Wizard" version="1.0.1" provider-name="Boba_Fett">
  <requires>
    <import addon="xbmc.python" version="2.1.0"/>
  </requires>
  <extension point="xbmc.python.pluginsource" library="default.py">
        <provides>program executable</provides>
  </extension>
  <extension point="xbmc.addon.metadata">
		<summary lang="en">Boba Fett Builds Wizard</summary>
		<description lang="en">Easy Install of Boba Fett Builds</description>
		<disclaimer lang="en">Note: I am not responsible nor do I have any influence over the content or its availability from Kodi Add-ons</disclaimer>
	</extension>
</addon>
